1777593600000000,76346.58000000,77453.74000000,76320.42000000,77131.08000000,2250.38749000,1777607999999999,172960115.04272430,332552,1110.62270000,85326588.39891440,0
1777608000000000,77131.08000000,77206.38000000,76653.60000000,77130.54000000,2352.39487000,1777622399999999,181246373.43877580,283432,911.22072000,70223069.80229350,0
1777622400000000,77130.54000000,77600.00000000,77048.00000000,77463.98000000,1968.27324000,1777636799999999,152212519.58321600,259648,1145.03400000,88540213.06558710,0
1777636800000000,77463.98000000,78914.12000000,77408.73000000,78445.89000000,6731.19551000,1777651199999999,527305467.46643760,805606,3343.22274000,261832804.12755650,0
1777651200000000,78445.88000000,78683.23000000,78131.02000000,78360.00000000,2194.42574000,1777665599999999,172026718.12860920,435455,1105.07952000,86624900.87584010,0
1777665600000000,78360.01000000,78422.81000000,77752.00000000,78231.13000000,1818.78817000,1777679999999999,142086642.25980130,271765,707.80044000,55302001.53815590,0
1777680000000000,78231.13000000,78514.82000000,78166.48000000,78400.00000000,1196.13639000,1777694399999999,93718172.85236430,193990,583.82095000,45741829.81125020,0
1777694400000000,78399.99000000,78448.99000000,78040.00000000,78220.00000000,1475.03871000,1777708799999999,115371450.50957990,141494,722.07123000,56485091.13971810,0
1777708800000000,78220.00000000,78394.00000000,78094.43000000,78143.08000000,868.13230000,1777723199999999,67933926.49833650,100439,477.78644000,37391028.66692780,0
1777723200000000,78143.09000000,78487.68000000,78108.41000000,78487.67000000,726.08154000,1777737599999999,56872977.98448110,136958,488.16306000,38235836.14109610,0
1777737600000000,78487.67000000,78596.61000000,78310.54000000,78486.00000000,708.03792000,1777751999999999,55550536.21363470,142507,351.15911000,27550837.37258290,0
1777752000000000,78486.23000000,79199.48000000,78418.32000000,78686.85000000,1177.44956000,1777766399999999,92791325.39101330,220755,674.03879000,53129868.54239090,0
1777766400000000,78686.84000000,78754.55000000,78108.75000000,78203.08000000,1047.76325000,1777780799999999,82053926.05437180,208865,391.14324000,30630793.95293370,0
1777780800000000,78203.07000000,78483.67000000,78084.08000000,78363.25000000,794.16967000,1777795199999999,62159747.26219490,131027,408.70730000,32007979.75460030,0
1777795200000000,78363.24000000,78849.22000000,78354.53000000,78656.01000000,948.77514000,1777809599999999,74518710.79692800,151044,645.13713000,50669901.33824710,0
1777809600000000,78656.01000000,78878.77000000,78586.99000000,78668.36000000,1137.85630000,1777823999999999,89575916.35366870,197990,447.34135000,35221697.94591610,0
1777824000000000,78668.36000000,78853.32000000,78558.65000000,78760.32000000,916.26370000,1777838399999999,72097288.59443810,168347,307.95585000,24239754.35818340,0
1777838400000000,78760.32000000,79447.00000000,78484.42000000,78568.57000000,2580.96484000,1777852799999999,203888741.39002710,495201,1264.62925000,99913164.81949440,0
1777852800000000,78568.58000000,80458.00000000,78288.88000000,80316.31000000,5091.61332000,1777867199999999,405849652.36137490,798129,2943.71892000,234688623.77529980,0
1777867200000000,80316.30000000,80635.51000000,79500.00000000,79696.75000000,3632.41236000,1777881599999999,290970799.40581890,446188,1632.40883000,130809915.97150140,0
1777881600000000,79696.75000000,79930.00000000,78202.00000000,78793.67000000,5989.03806000,1777895999999999,472495368.85239550,655591,3221.55035000,254082008.87206070,0
1777896000000000,78793.67000000,80545.17000000,78500.00000000,80028.85000000,5918.14009000,1777910399999999,471086959.50407470,926658,3083.54402000,245430653.26265710,0
1777910400000000,80028.85000000,80776.99000000,79619.33000000,80053.31000000,3742.49503000,1777924799999999,300180394.67987540,648707,1749.19733000,140308261.60792900,0
1777924800000000,80053.31000000,80397.19000000,79744.91000000,79861.01000000,1669.26249000,1777939199999999,133591675.70789970,259331,721.22603000,57735398.38880720,0
1777939200000000,79861.01000000,81083.98000000,79808.72000000,80893.08000000,2402.14099000,1777953599999999,193362338.35932880,378068,1377.94875000,110941834.42663170,0
1777953600000000,80893.08000000,81323.52000000,80725.00000000,80855.59000000,2974.59341000,1777967999999999,240873499.23301560,376455,1302.84689000,105505707.58391970,0
1777968000000000,80855.59000000,81095.48000000,80527.76000000,81014.05000000,2484.57226000,1777982399999999,200675636.29487360,255333,1195.29674000,96550560.66335790,0
1777982400000000,81014.05000000,81712.32000000,80932.54000000,81525.19000000,4561.19169000,1777996799999999,371228843.00066740,703156,2538.94944000,206688342.56004060,0
1777996800000000,81525.19000000,81680.00000000,81050.04000000,81606.35000000,1780.45876000,1778011199999999,144912031.90009560,348055,829.18231000,67520109.41127130,0
1778011200000000,81606.35000000,81791.48000000,80790.00000000,80905.52000000,2744.22284000,1778025599999999,223266680.44295510,429863,1383.92564000,112643234.26123300,0
1778025600000000,80905.53000000,81760.84000000,80731.14000000,81581.69000000,3011.74344000,1778039999999999,244741070.83699290,402234,1982.54356000,161079722.78355390,0
1778040000000000,81581.70000000,81649.99000000,81060.00000000,81359.82000000,2300.70653000,1778054399999999,187249650.61601060,335929,1054.34537000,85813557.73566220,0
1778054400000000,81359.82000000,82850.00000000,81328.68000000,82522.89000000,5188.93186000,1778068799999999,426154900.13281150,583617,2884.51536000,236956793.18099790,0
1778068800000000,82522.88000000,82539.33000000,81136.00000000,81704.25000000,4508.66020000,1778083199999999,368798606.29688130,793007,2065.64028000,168977454.37316210,0
1778083200000000,81704.25000000,81907.51000000,81200.00000000,81464.87000000,2369.91746000,1778097599999999,193245510.04107190,393608,1335.01870000,108896902.97737670,0
1778097600000000,81464.86000000,81700.00000000,81000.00000000,81447.01000000,1418.81447000,1778111999999999,115460886.83748010,286312,654.62478000,53284643.17946070,0
1778112000000000,81447.01000000,81490.03000000,80830.23000000,80834.91000000,2068.17310000,1778126399999999,167618852.38283720,392967,957.64530000,77631540.67154350,0
1778126400000000,80834.92000000,81708.32000000,80725.09000000,81518.58000000,2038.83969000,1778140799999999,165615423.34983900,310508,1147.15803000,93198785.30694900,0
1778140800000000,81518.57000000,81590.00000000,80572.40000000,80866.65000000,2364.09693000,1778155199999999,191593255.96505180,327251,1121.55505000,90862445.39737100,0
1778155200000000,80866.65000000,81180.00000000,79699.52000000,79890.63000000,4826.66306000,1778169599999999,387835749.73350320,699919,2134.32969000,171569084.91196710,0
1778169600000000,79890.00000000,80269.06000000,79500.00000000,80146.11000000,3315.14425000,1778183999999999,264879682.89320340,529240,1511.33069000,120764444.75395970,0
1778184000000000,80146.77000000,80371.23000000,79582.95000000,80006.00000000,1541.88635000,1778198399999999,123223417.77789930,280444,753.13003000,60192457.70554050,0
1778198400000000,80006.00000000,80142.84000000,79181.48000000,79578.85000000,3093.73664000,1778212799999999,246521433.78207030,345140,1559.09789000,124296260.29787250,0
1778212800000000,79578.84000000,79778.95000000,79248.58000000,79682.40000000,2410.56518000,1778227199999999,191729371.91178390,297876,1173.28925000,93327438.53920920,0
1778227200000000,79682.40000000,80340.94000000,79666.05000000,80231.22000000,2348.19703000,1778241599999999,187887211.44594570,289634,1345.66317000,107664255.56504040,0
1778241600000000,80231.22000000,80500.00000000,79549.54000000,80142.14000000,3741.40163000,1778255999999999,299281685.95961430,697304,1965.10804000,157209109.24314120,0
1778256000000000,80142.13000000,80299.99000000,79738.75000000,80179.94000000,3047.90033000,1778270399999999,244074210.67311800,440133,1660.18590000,132948738.28738130,0
1778270400000000,80180.00000000,80409.09000000,80089.76000000,80193.17000000,1359.50928000,1778284799999999,109072131.64472960,195285,625.04229000,50154234.25981940,0
1778284800000000,80193.18000000,80550.67000000,80129.85000000,80383.95000000,1093.10948000,1778299199999999,87838021.13107570,169580,617.95306000,49657943.13636480,0
1778299200000000,80383.96000000,80666.66000000,80135.00000000,80228.89000000,1481.48785000,1778313599999999,119043207.92247850,178507,752.85493000,60505176.82168320,0
1778313600000000,80228.88000000,80452.44000000,80166.26000000,80345.46000000,1009.73824000,1778327999999999,81097106.50080450,117110,564.15579000,45310142.23504000,0
1778328000000000,80345.47000000,80600.00000000,80234.00000000,80527.92000000,1439.92073000,1778342399999999,115729842.96101170,166073,903.30046000,72601462.34495930,0
1778342400000000,80527.92000000,81080.00000000,80487.40000000,80938.53000000,1533.85565000,1778356799999999,123906317.93952900,227656,818.09719000,66087574.21810400,0
1778356800000000,80938.53000000,80938.53000000,80621.88000000,80678.40000000,990.30982000,1778371199999999,79981729.53152070,143447,376.36423000,30392241.56935390,0
1778371200000000,80678.41000000,80887.15000000,80572.77000000,80775.00000000,1332.26793000,1778385599999999,107502912.26538460,154990,689.25227000,55619881.18025080,0
1778385600000000,80774.99000000,80840.00000000,80658.97000000,80736.03000000,1238.41638000,1778399999999999,100011257.10202950,137194,640.10691000,51696171.60784210,0
1778400000000000,80736.03000000,80975.40000000,80691.00000000,80821.21000000,1108.70905000,1778414399999999,89613061.19343900,151511,581.73234000,47023177.29351630,0
1778414400000000,80821.21000000,81442.81000000,80784.20000000,81418.01000000,1642.67937000,1778428799999999,133127974.36512670,249005,887.72758000,71959813.67975760,0
1778428800000000,81418.01000000,81583.11000000,81148.00000000,81437.83000000,1798.22732000,1778443199999999,146333824.87734510,284670,965.68496000,78590912.86064100,0
1778443200000000,81437.83000000,82479.32000000,80279.77000000,82210.07000000,4914.01877000,1778457599999999,400634684.46014960,824238,2631.39254000,214615234.89312870,0
1778457600000000,82210.07000000,82380.00000000,80525.00000000,80736.01000000,3139.85094000,1778471999999999,255479585.05223540,614787,1459.52259000,118827670.90972380,0
1778472000000000,80736.00000000,81049.51000000,80639.99000000,80740.40000000,1595.10256000,1778486399999999,128881022.58659590,244189,641.60116000,51843752.67642690,0
1778486400000000,80740.40000000,81200.00000000,80621.87000000,81196.94000000,1639.39360000,1778500799999999,132720347.19478080,271633,819.00871000,66304472.89073490,0
1778500800000000,81196.95000000,81458.00000000,80462.97000000,81445.90000000,2668.23418000,1778515199999999,216243652.72897040,650159,1283.73054000,104070108.54717010,0
1778515200000000,81445.89000000,82137.26000000,81344.72000000,81961.99000000,2673.46567000,1778529599999999,218772682.03585540,529808,1389.84255000,113744701.07470400,0
1778529600000000,81961.99000000,82078.91000000,81596.31000000,81745.65000000,1235.71361000,1778543999999999,101096381.27731770,265820,538.66794000,44070213.39764400,0
1778544000000000,81745.66000000,81788.00000000,80714.28000000,81058.80000000,1860.32116000,1778558399999999,151124237.95031380,388045,821.96024000,66781251.97268080,0
1778558400000000,81058.79000000,81305.24000000,80800.77000000,80865.40000000,1779.90239000,1778572799999999,144381281.57398650,268668,828.58951000,67211412.65440770,0
1778572800000000,80865.40000000,80964.13000000,80496.57000000,80784.87000000,1973.06446000,1778587199999999,159362666.50829100,294919,1083.89334000,87559251.70586440,0
1778587200000000,80784.86000000,80999.00000000,80188.65000000,80336.01000000,3205.73752000,1778601599999999,258409868.46615380,710778,1463.66427000,118031466.36048910,0
1778601600000000,80336.01000000,80874.42000000,79843.59000000,80834.64000000,2673.67675000,1778615999999999,214814079.40157980,453833,1094.44510000,87970748.33188650,0
1778616000000000,80835.30000000,80896.25000000,80439.91000000,80504.47000000,893.55448000,1778630399999999,72088033.54035210,228894,423.65139000,34185709.06147230,0
1778630400000000,80504.47000000,81299.99000000,80412.15000000,81249.99000000,1575.91837000,1778644799999999,127656230.67283540,334232,866.70498000,70208217.63345080,0
1778644800000000,81249.99000000,81281.07000000,80889.12000000,81026.92000000,1495.76347000,1778659199999999,121245223.76307260,198694,632.58259000,51283437.53274870,0
1778659200000000,81026.92000000,81324.64000000,80494.98000000,80501.22000000,1841.28298000,1778673599999999,149042536.93356840,306180,882.99920000,71483330.20162460,0
1778673600000000,80501.22000000,80592.65000000,78807.22000000,78827.21000000,5073.46241000,1778687999999999,404393745.27611370,803873,2235.42639000,178289094.75750590,0
1778688000000000,78827.21000000,79800.00000000,78754.65000000,79642.41000000,3344.60077000,1778702399999999,265102268.06999800,455154,1723.29111000,136673171.00921560,0
1778702400000000,79642.41000000,79760.00000000,79228.00000000,79313.61000000,1479.02843000,1778716799999999,117489838.15323550,252437,820.63755000,65192745.69964940,0
1778716800000000,79313.61000000,79681.73000000,78922.00000000,79044.85000000,2209.55472000,1778731199999999,175540098.78128820,397326,1125.10393000,89408121.43264150,0
1778731200000000,79044.86000000,79998.00000000,78982.06000000,79745.98000000,2068.97946000,1778745599999999,164790849.72912720,308952,1108.34966000,88264223.88646520,0
1778745600000000,79745.99000000,79936.98000000,79234.00000000,79258.27000000,1846.46215000,1778759999999999,147094020.37609480,288904,897.03364000,71472284.70516700,0
1778760000000000,79258.27000000,81332.23000000,79230.31000000,81301.23000000,5702.09728000,1778774399999999,459033748.06255070,868440,3267.24661000,263050740.68933150,0
1778774400000000,81301.22000000,82048.13000000,81080.25000000,81419.74000000,6279.93607000,1778788799999999,512349082.85612970,947517,3691.95403000,301268383.93206640,0
1778788800000000,81419.75000000,81590.19000000,81059.93000000,81089.99000000,1620.83839000,1778803199999999,131848675.21360640,289907,660.51988000,53741705.18902270,0
1778803200000000,81090.00000000,81664.45000000,80750.00000000,81059.15000000,2453.72559000,1778817599999999,199331253.27596490,573517,1280.95210000,104075210.66587150,0
1778817600000000,81059.15000000,81100.00000000,80314.00000000,80814.88000000,3091.10140000,1778831999999999,249281204.18383940,465782,1534.67227000,123769445.49369270,0
1778832000000000,80814.88000000,80822.95000000,80369.00000000,80628.53000000,1706.25967000,1778846399999999,137498908.84775790,332890,878.18127000,70772521.32719850,0
1778846400000000,80628.52000000,80635.44000000,78659.00000000,79150.27000000,6208.56941000,1778860799999999,492850761.66704660,1113399,2889.06704000,229453769.34074110,0
1778860800000000,79150.26000000,79561.94000000,79051.00000000,79146.50000000,1959.36078000,1778875199999999,155332090.46241860,471899,773.95584000,61355935.28806830,0
1778875200000000,79146.50000000,79217.07000000,78911.42000000,79113.21000000,1932.25394000,1778889599999999,152858455.93184080,226627,976.34993000,77239151.80042380,0
1778889600000000,79113.20000000,79227.77000000,79010.00000000,79083.18000000,1248.18280000,1778903999999999,98782149.87817340,172892,609.33799000,48224483.15919160,0
1778904000000000,79083.19000000,79129.71000000,78066.00000000,78369.77000000,2404.82958000,1778918399999999,189004677.98538790,368303,1038.85332000,81649224.54380250,0
1778918400000000,78369.78000000,78530.52000000,77640.00000000,78081.71000000,3846.10003000,1778932799999999,300108345.86338950,465246,1504.73156000,117457162.63964100,0
1778932800000000,78080.46000000,78346.00000000,77833.40000000,78238.67000000,2684.35726000,1778947199999999,209458549.66761240,277288,1605.60019000,125277808.00634400,0
1778947200000000,78238.68000000,78364.65000000,78119.72000000,78259.66000000,1260.04581000,1778961599999999,98598246.61899460,183025,663.22865000,51904118.18192610,0
1778961600000000,78259.67000000,78318.94000000,78125.32000000,78148.05000000,689.34644000,1778975999999999,53938686.64529320,130907,354.55967000,27745392.90444290,0
1778976000000000,78148.05000000,78243.19000000,77721.19000000,78028.88000000,1284.92928000,1778990399999999,100153382.38109490,259487,538.38768000,41961231.34950720,0
1778990400000000,78028.88000000,78323.96000000,78003.35000000,78180.01000000,952.09545000,1779004799999999,74402882.80456990,139896,504.21659000,39404400.83217930,0
1779004800000000,78180.00000000,78599.99000000,78033.01000000,78415.99000000,1136.18338000,1779019199999999,89016794.93000750,208939,595.80761000,46681533.72230810,0
1779019200000000,78415.99000000,78550.00000000,77850.00000000,78051.41000000,1115.91599000,1779033599999999,87238754.97562370,241451,428.08159000,33469290.96487610,0
1779033600000000,78051.42000000,78468.46000000,77856.69000000,78415.30000000,837.07576000,1779047999999999,65398691.53956840,212443,451.50486000,35279078.19769530,0
1779048000000000,78415.29000000,78485.36000000,76735.16000000,77457.67000000,3116.50234000,1779062399999999,241850975.01398760,508217,1379.86937000,107063351.84215500,0
1779062400000000,77457.67000000,77477.99000000,76707.61000000,76924.65000000,2888.01155000,1779076799999999,222451363.25259880,682471,1459.39597000,112403145.01865090,0
1779076800000000,76924.66000000,77089.29000000,76583.33000000,77073.69000000,2702.66726000,1779091199999999,207940327.32724540,378018,1334.25748000,102654732.52709100,0
1779091200000000,77073.69000000,77403.48000000,76668.58000000,77285.83000000,2052.55387000,1779105599999999,158009262.43991410,347335,1002.22672000,77167967.94991290,0
1779105600000000,77285.83000000,77800.00000000,76051.00000000,76409.46000000,6216.09738000,1779119999999999,476782195.48523420,1093285,2702.88431000,207389463.18862080,0
1779120000000000,76409.46000000,76995.00000000,76144.24000000,76928.00000000,3295.85681000,1779134399999999,252179256.01420050,719150,1642.79671000,125690397.29718010,0
1779134400000000,76928.00000000,77222.79000000,76800.00000000,77001.87000000,1590.32991000,1779148799999999,122499627.37277820,309069,774.89672000,59693282.34386050,0
1779148800000000,77001.88000000,77414.62000000,76487.83000000,76787.11000000,2006.76014000,1779163199999999,154312071.72062430,409793,958.30837000,73715324.80635000,0
1779163200000000,76787.10000000,77278.57000000,76644.98000000,77233.69000000,1508.45954000,1779177599999999,116135166.59860940,312349,720.91714000,55512622.06052890,0
1779177600000000,77233.68000000,77317.02000000,76633.83000000,76714.62000000,1745.68912000,1779191999999999,134330028.54780660,353681,882.41092000,67910151.89090200,0
1779192000000000,76714.61000000,77048.72000000,76144.71000000,76521.23000000,3363.76947000,1779206399999999,257708472.14354810,686940,1721.22016000,131882062.24510770,0
1779206400000000,76521.24000000,77065.80000000,76407.72000000,76818.74000000,1634.99916000,1779220799999999,125582001.00743230,360896,958.73866000,73647678.68258380,0
1779220800000000,76818.73000000,77040.83000000,76642.95000000,76834.36000000,765.18235000,1779235199999999,58836638.28978280,191462,439.17923000,33767266.37659520,0
1779235200000000,76834.36000000,76922.46000000,76516.74000000,76723.54000000,1561.80100000,1779249599999999,119804401.42589810,376048,655.71954000,50302964.46092220,0
1779249600000000,76723.55000000,77472.21000000,76692.00000000,77282.64000000,2218.09189000,1779263999999999,171138256.89110020,304596,1187.91332000,91668956.51709980,0
1779264000000000,77282.65000000,77663.00000000,77210.33000000,77382.49000000,1682.41191000,1779278399999999,130363005.92878530,223205,859.63062000,66616091.38605930,0
1779278400000000,77382.50000000,77853.04000000,76891.61000000,77455.46000000,3039.76807000,1779292799999999,235264407.06601660,771773,1516.92852000,117416046.15141350,0
1779292800000000,77455.45000000,77713.66000000,77018.38000000,77667.49000000,1712.28825000,1779307199999999,132639714.87526050,465144,981.71835000,76051703.66778240,0
1779307200000000,77667.49000000,77766.60000000,77226.61000000,77552.23000000,1081.90195000,1779321599999999,83881485.28457440,296988,404.25207000,31346238.04803240,0
1779321600000000,77552.24000000,78173.15000000,77525.00000000,78078.72000000,2263.95690000,1779335999999999,176450002.83957940,323259,1243.43606000,96906174.52677070,0
1779336000000000,78078.72000000,78180.01000000,77521.00000000,77889.01000000,1454.09234000,1779350399999999,113174708.19111530,273599,636.59470000,49549073.37588470,0
1779350400000000,77889.01000000,78200.00000000,77147.15000000,77189.10000000,1934.87402000,1779364799999999,150109563.93228840,398191,975.99332000,75681306.10440600,0
1779364800000000,77189.10000000,77402.12000000,76719.47000000,77259.46000000,2353.90440000,1779379199999999,181463283.85318000,636222,1169.83243000,90200402.07440120,0
1779379200000000,77259.45000000,78098.16000000,77008.75000000,77690.56000000,2693.31851000,1779393599999999,208942205.99748390,628414,1444.94401000,112090844.88202120,0
1779393600000000,77690.56000000,77813.35000000,77534.43000000,77615.52000000,618.11224000,1779407999999999,48028932.41410220,213461,294.20802000,22862944.17776940,0
1779408000000000,77615.52000000,77817.80000000,77327.28000000,77779.98000000,884.30161000,1779422399999999,68607031.55872120,262036,427.17072000,33143756.57727980,0
1779422400000000,77779.98000000,77900.00000000,77288.77000000,77408.06000000,1756.84353000,1779436799999999,136273565.87749400,283504,906.59324000,70335702.64321330,0
1779436800000000,77408.07000000,77535.00000000,77184.45000000,77428.84000000,1436.53453000,1779451199999999,111089623.56654120,267845,801.66016000,61993475.60582690,0
1779451200000000,77428.83000000,77584.94000000,76570.00000000,76790.59000000,2613.83665000,1779465599999999,201277486.67585660,538200,1214.33412000,93508827.95501310,0
1779465600000000,76790.60000000,77093.72000000,75668.76000000,75860.44000000,2815.05544000,1779479999999999,215062349.72039050,642354,1155.82446000,88356481.99798290,0
1779480000000000,75860.44000000,76087.85000000,75359.18000000,75539.50000000,1765.78958000,1779494399999999,133890403.51145600,376844,699.40806000,53036409.83013290,0
1779494400000000,75539.50000000,75664.62000000,75220.00000000,75635.22000000,1896.10926000,1779508799999999,143081863.38137340,379391,873.48877000,65916406.95457040,0
1779508800000000,75635.22000000,75650.63000000,74289.60000000,74609.36000000,2690.99014000,1779523199999999,201843393.98993970,291493,1110.13648000,83245553.42272170,0
1779523200000000,74609.37000000,74873.55000000,74303.56000000,74789.99000000,2509.09623000,1779537599999999,187368569.34013420,228680,1275.25508000,95249750.40137700,0
1779537600000000,74789.99000000,75726.30000000,74660.05000000,75520.00000000,2943.50010000,1779551999999999,221349476.89666040,296058,1733.63409000,130365734.35154650,0
1779552000000000,75519.99000000,76012.22000000,75371.72000000,75983.45000000,1772.27259000,1779566399999999,134064251.76955570,295468,978.40975000,74012454.73401060,0
1779566400000000,75983.45000000,77404.18000000,75953.94000000,76752.01000000,3274.91982000,1779580799999999,251289050.39615260,612446,1767.66302000,135616971.82607210,0
1779580800000000,76752.00000000,77011.62000000,76629.02000000,76750.00000000,1051.70404000,1779595199999999,80792933.07953450,212742,538.63284000,41381254.67904810,0
1779595200000000,76750.01000000,77065.94000000,76651.59000000,76799.99000000,817.66826000,1779609599999999,62814260.39793850,156102,385.23253000,29602440.45550040,0
1779609600000000,76799.99000000,77543.15000000,76734.42000000,77320.06000000,1746.24676000,1779623999999999,134690446.94470620,220137,1008.35064000,77772742.26460600,0
1779624000000000,77320.06000000,77325.72000000,76195.36000000,76371.59000000,1982.25663000,1779638399999999,151975091.48231760,328989,992.08098000,76034392.53556460,0
1779638400000000,76371.59000000,76799.99000000,76371.59000000,76773.34000000,882.04437000,1779652799999999,67601817.99467420,221766,522.87538000,40072988.46425080,0
1779652800000000,76773.33000000,77225.97000000,76108.00000000,77064.96000000,1918.08150000,1779667199999999,147050967.71214500,473233,1065.96039000,81764263.88922420,0
1779667200000000,77064.96000000,77485.00000000,76914.25000000,77026.67000000,1368.40440000,1779681599999999,105578637.73121580,399478,646.22050000,49867925.16303510,0
1779681600000000,77026.68000000,77650.00000000,76990.78000000,77401.12000000,1348.52945000,1779695999999999,104322120.67559960,271955,726.71087000,56225434.45486240,0
1779696000000000,77401.11000000,77699.97000000,77280.32000000,77357.50000000,1214.44703000,1779710399999999,94099984.94745140,225247,589.81288000,45695676.94095770,0
1779710400000000,77357.50000000,77905.52000000,77286.50000000,77628.82000000,1563.39696000,1779724799999999,121251852.84713820,336312,758.01746000,58786691.52509380,0
1779724800000000,77628.82000000,77807.29000000,77343.61000000,77441.86000000,1121.16576000,1779739199999999,86986025.64941080,262382,546.84700000,42423205.24643460,0
1779739200000000,77441.85000000,77500.00000000,77019.82000000,77322.01000000,1056.37837000,1779753599999999,81629383.14678150,283135,376.77283000,29127362.37702590,0
1779753600000000,77322.01000000,77345.00000000,76475.59000000,76664.01000000,2145.81269000,1779767999999999,164738004.84696790,395497,959.71538000,73663856.01049690,0
1779768000000000,76664.00000000,77059.74000000,76603.73000000,76730.84000000,2043.20430000,1779782399999999,156924704.35364840,323205,1101.74316000,84610330.84376100,0
1779782400000000,76730.84000000,77621.75000000,76586.94000000,77183.55000000,1896.99632000,1779796799999999,146246716.33127000,437344,1093.23542000,84264284.10684540,0
1779796800000000,77183.56000000,78080.00000000,76272.63000000,76518.10000000,4834.08460000,1779811199999999,372249541.91346070,1013990,2293.30111000,176703480.69503150,0
1779811200000000,76518.10000000,76710.01000000,75779.30000000,76052.00000000,4688.69854000,1779825599999999,357349325.24623730,860782,1755.65339000,133764151.34843760,0
1779825600000000,76052.00000000,76180.00000000,75677.97000000,75930.01000000,1344.67984000,1779839999999999,102101025.00600740,329927,663.39204000,50370041.87214270,0
1779840000000000,75930.01000000,76104.02000000,75607.62000000,75683.00000000,2404.25109000,1779854399999999,182437480.57988710,350806,1251.46277000,94978374.94999750,0
1779854400000000,75683.00000000,75980.00000000,75310.90000000,75977.17000000,2224.40852000,1779868799999999,168342969.91393340,390149,1099.61839000,83250453.33350480,0
1779868800000000,75977.16000000,76071.41000000,75710.76000000,75769.18000000,1291.66875000,1779883199999999,98055997.86377890,330751,715.92910000,54350559.29636850,0
1779883200000000,75769.18000000,76174.15000000,74758.33000000,75326.01000000,5186.20338000,1779897599999999,389924669.07202600,1041783,2155.38354000,162118758.58370000,0
1779897600000000,75326.02000000,75408.01000000,74663.45000000,75066.08000000,3165.53822000,1779911999999999,237469097.37167780,660988,1458.72293000,109434870.07962430,0
1779912000000000,75066.09000000,75415.81000000,74243.99000000,74449.30000000,2605.70487000,1779926399999999,194450048.10752110,592591,1309.70119000,97747839.10890400,0
1779926400000000,74449.31000000,74590.77000000,73060.59000000,73258.01000000,5727.94403000,1779940799999999,422454652.77563790,957958,3044.53531000,224565850.39811790,0
1779940800000000,73258.00000000,73512.14000000,72728.85000000,73498.00000000,4799.61020000,1779955199999999,350788898.97205670,613599,2398.22201000,175312520.87621260,0
1779955200000000,73498.00000000,73616.00000000,73193.13000000,73505.66000000,1994.38372000,1779969599999999,146414650.85752350,379544,1103.18168000,80994322.78916870,0
1779969600000000,73505.65000000,73580.75000000,72582.82000000,72928.73000000,4632.38493000,1779983999999999,338350899.72071730,1025017,2533.09841000,185049064.01611080,0
1779984000000000,72928.73000000,73749.69000000,72741.40000000,73419.32000000,2524.28664000,1779998399999999,185327073.94901450,520421,1349.89247000,99094348.57783900,0
1779998400000000,73419.31000000,73949.22000000,73241.48000000,73617.51000000,1595.41074000,1780012799999999,117472349.23232470,303174,856.44819000,63054435.39378420,0
1780012800000000,73617.52000000,73868.33000000,73189.11000000,73301.52000000,2123.30407000,1780027199999999,156251092.45919220,362421,1080.04009000,79491918.85957630,0
1780027200000000,73301.53000000,73939.19000000,73210.21000000,73528.56000000,2641.80699000,1780041599999999,194346867.67810970,337489,1526.35961000,112276015.20451780,0
1780041600000000,73528.55000000,73902.85000000,73341.85000000,73487.98000000,2197.79295000,1780055999999999,161975355.42346680,288370,1424.31866000,104978500.28968730,0
1780056000000000,73487.98000000,74200.00000000,72512.49000000,73808.26000000,4624.93207000,1780070399999999,338945900.86041730,955004,2485.49833000,182248226.08264480,0
1780070400000000,73808.25000000,74514.10000000,73187.25000000,73520.28000000,5596.86593000,1780084799999999,414173826.59814460,676951,3457.93496000,256092074.36921330,0
1780084800000000,73520.29000000,73844.00000000,73320.00000000,73460.78000000,1502.03940000,1780099199999999,110413449.88709640,277083,694.22047000,51035155.08439750,0
1780099200000000,73460.78000000,73796.43000000,73408.62000000,73524.01000000,1539.64276000,1780113599999999,113323762.94910000,194546,795.73059000,58568720.96818560,0
1780113600000000,73524.01000000,73709.91000000,73216.00000000,73548.60000000,1487.87007000,1780127999999999,109352098.12618650,245090,831.54040000,61142275.45782730,0
1780128000000000,73548.60000000,73680.75000000,73500.02000000,73602.02000000,1076.47863000,1780142399999999,79212007.50089430,121936,580.87537000,42741455.96371690,0
1780142400000000,73602.01000000,74100.00000000,73594.40000000,73930.14000000,1485.09864000,1780156799999999,109676214.08589250,237589,881.63375000,65105048.86419790,0
1780156800000000,73930.13000000,74143.76000000,73811.30000000,74016.65000000,836.20775000,1780171199999999,61866638.45890540,182606,492.35567000,36429491.92946900,0
1780171200000000,74016.64000000,74054.00000000,73781.30000000,73884.38000000,1090.11124000,1780185599999999,80558664.99054200,142639,535.97509000,39605080.08390960,0
1780185600000000,73884.38000000,74275.66000000,73858.56000000,74150.64000000,1099.56261000,1780199999999999,81450558.59258300,244533,594.46175000,44036678.37901380,0
1780200000000000,74150.64000000,74221.33000000,73836.00000000,73871.24000000,869.39106000,1780214399999999,64375261.50120540,149705,380.15938000,28153490.30736940,0
1780214400000000,73871.25000000,74024.00000000,73699.20000000,73937.79000000,1250.59286000,1780228799999999,92398964.39091150,173955,517.95475000,38273735.98121010,0
1780228800000000,73937.63000000,74023.99000000,73483.05000000,73655.21000000,1349.33176000,1780243199999999,99503135.83562940,253612,585.74208000,43194771.48981050,0
1780243200000000,73655.20000000,73734.00000000,73400.00000000,73563.42000000,985.40321000,1780257599999999,72509378.39632070,200563,504.75645000,37148031.29357260,0
1780257600000000,73563.41000000,74198.00000000,73500.00000000,73674.39000000,1432.17557000,1780271999999999,105670233.87254720,341069,824.39802000,60823044.63553300,0
