symbol,direction,entry_price,exit_price,size,pnl,pnl_pct,result,market_state,regime_score,sl,tp1,tp2,entry_time,exit_time,bars_held,commission,strategy,entry_type,e_entry,e_context,e_fit,e_total,e_adx,e_atr_exp,e_vol_ratio,e_ema_dist_atr,e_rsi,realized_r,mae,mfe,hour_utc,e_state
ETH,LONG,3098.44,3108.405855478462,4.4352294350884955,35.84542622288682,0.3584542622288682,WIN,Range,54.87543367970512,3108.405855478462,3117.03064,3135.62128,,2026-01-11T16:00:00+00:00,1,8.355429341029735,MACD_Trend,trend_follow,82.09722387913507,74.64006516287905,29.897446000867667,64.20014290077805,23.9066588557248,1.0,1.7759984786509277,1.2288455342832891,63.150663606082595,0.268,-0.15545457283881028,0.6968560522929779,16,Trend
ETH,LONG,3324.45,3364.3433999999997,1.022840018041265,35.34355897643329,0.3534355897643329,WIN,Trend,83.4087779181498,3324.45,3344.3967,3364.3433999999997,,2026-01-15T09:30:00+00:00,1,5.461006999295056,MACD_Trend,trend_follow,74.83312759096434,51.1250188336745,83.40982751517764,70.29370494104137,22.77820478186863,1.0,0.7775364422216763,0.9577923176468216,55.77241220130419,1.0,-0.10101921621119647,1.1114620463535358,9,Trend
ETH,LONG,3300.99,3312.8962949352876,2.4783566346588652,24.030582705358718,0.2403058270535872,WIN,Trend,67.10963065255206,3312.8962949352876,3320.79594,3340.6018799999997,,2026-01-17T21:15:00+00:00,1,5.477462341719677,ADX_Trend,trend_follow,68.32942893299898,72.06411937154266,67.03247507244974,69.06074990639732,25.215624553378184,1.0,0.8188719416269433,0.7153952501913363,58.3097538189921,0.301,0.0,0.6851479909562568,21,Trend
ETH,LONG,3332.31,3343.7548884451735,2.5651887917108525,23.864928553590637,0.23864928553590636,WIN,Range,53.522280254549734,3343.7548884451735,3352.30386,3372.29772,,2026-01-18T20:30:00+00:00,1,5.493371008352157,ADX_Trend,trend_follow,64.84040595464285,72.53985825096376,66.39489915635559,67.61658960405295,25.324692547977236,1.0,0.29354769288156224,0.9689592889072078,60.38413156703879,0.286,-0.05126573858173777,0.7189707240122717,20,Trend
ETH,SHORT,2987.74,2987.74,24725687429987.63,19.24345059447002,0.19243450594470018,WIN,Range,15.827055626441902,2987.74,2969.8135599999996,2951.88712,,2026-01-22T13:45:00+00:00,1,5.48223683551761,MACD_Trend,trend_follow,68.30481412392457,51.3146747569131,84.1729443735581,67.96821138871118,21.934313742320462,1.0,1.2941586369430709,1.1005458592862922,39.04237209887641,0.0,-0.30262561891821144,0.578475146208611,13,Trend
ETH,SHORT,2933.43,2968.63116,1.5021296672782232,-57.309532054201824,-0.5730953205420182,LOSS,Range,15.081660859523092,2968.63116,2915.82942,2898.2288399999998,,2026-01-23T02:00:00+00:00,1,4.432825295592712,ADX_Trend,trend_follow,42.485303997656665,58.85131640937279,84.86693427089925,60.10959680314428,23.293879172479972,1.0,0.6598303079439575,0.9183455768990906,40.106697838559064,-1.0,-0.9695703209780617,0.0,2,Trend
ETH,SHORT,2914.64,2914.64,24657069320373.547,19.190046651465945,0.19190046651465945,WIN,Trend,15.350297515846275,2914.64,2897.15216,2879.66432,,2026-01-23T15:00:00+00:00,1,5.467022668907603,MACD_Trend,trend_follow,71.04697311651638,52.44691952367901,84.64970248415372,69.54777584895638,23.999614310563484,1.0,2.750247860416026,1.2201458182380753,37.96621435870347,0.0,0.0,0.0,15,Trend
ETH,LONG,2927.44,2927.44,24717170926842.348,19.212110162686624,0.19212110162686624,WIN,Range,41.73504340023915,2927.44,2945.00464,2962.56928,,2026-01-26T22:00:00+00:00,1,5.505060764155721,MACD_Trend,trend_follow,69.65248293169395,73.01793064743893,37.6217020018423,61.05288296746195,23.52892586858321,1.0,0.42711800843064757,0.952926804529052,59.64356948244524,0.0,-0.7762755171754155,0.21093515153170955,22,Trend
ETH,SHORT,2912.71,2947.66252,1.8903677736522375,-71.61224048532786,-0.7161224048532786,LOSS,Breakout,60.18363985861592,2947.66252,2895.23374,2877.75748,,2026-01-27T16:00:00+00:00,1,5.539123069390994,MACD_Trend,trend_follow,69.64752743553859,54.966362015925625,65.41975280470967,63.97484542040602,22.114160960309707,1.0,1.4125081005054902,1.3561820609123014,39.35406318093287,-1.0,-1.7249113940854612,0.2912522473343792,16,Trend
ETH,LONG,3016.84,3016.84,37871332011192.484,29.43654857427732,0.2943654857427732,WIN,Range,70.82333125242525,3016.84,3034.94104,3053.04208,,2026-01-28T14:30:00+00:00,1,8.434783436915165,MACD_Trend,trend_follow,76.59637514869294,66.31016630605134,70.43774763725995,71.66292424247055,24.80974045532931,1.0,1.0314787675106885,0.6648294100585794,55.96397124517158,0.0,0.0,0.6502388813018468,14,Trend
ETH,SHORT,2316.79,2345.1505036033186,2.323294633001293,-71.30532989752244,-0.7130532989752244,LOSS,Range,9.137682117216706,2345.1505036033186,2302.6097481983406,2288.4294963966813,,2026-02-02T22:15:00+00:00,1,5.4155240867160765,MACD_Trend,trend_follow,64.95750393057466,25.690347135158614,90.86231788278329,60.94880107761244,23.813665286114993,1.0,1.0642182098668387,1.0872458152119724,41.24880823059049,-1.0,-0.8850336492989072,0.0,22,Trend
ETH,SHORT,2087.63,2087.63,24548070777388.547,20.78116604942166,0.2078116604942166,WIN,Trend,8.673225716807405,2087.63,2069.5494149507913,2051.4688299015825,,2026-02-05T11:45:00+00:00,1,3.7669047279668852,MACD_Trend,trend_follow,69.57114569630517,48.450897250893625,91.32677428319259,69.76175973874793,20.00258617590698,1.0,1.6299683844349753,0.8412747867077961,42.97661053160652,0.0,0.0,0.0,11,Trend
ETH,SHORT,2019.4,2044.7141051286433,2.592273524962003,-70.88872566955571,-0.7088872566955572,LOSS,Range,12.49511869689899,2044.7141051286433,2006.7429474356786,1994.085894871357,,2026-02-07T15:15:00+00:00,1,5.267641136466565,ADX_Trend,trend_follow,49.981584576413695,56.03716476006389,87.504881303101,63.05524764951494,24.155748784995918,1.0,1.5799449394778986,0.7638413371770852,42.76651497899786,-1.0,-1.038156390140921,0.0,15,Trend
ETH,SHORT,1916.9,1949.2547823625794,2.0149895231260904,-69.08967165479164,-0.6908967165479164,LOSS,Range,19.0800871405229,1949.2547823625794,1900.7226088187103,1884.5452176374208,,2026-02-11T19:00:00+00:00,1,3.895124171167586,MACD_Trend,trend_follow,65.9814900874816,53.376726751362156,80.91991285947711,66.68158791824442,23.302442509170508,1.0,0.9555699295124692,1.2545203553542692,40.70545859512007,-1.0,-1.0854654995491115,0.07603203669962591,19,Trend
ETH,LONG,1987.62,1987.62,37367759379796.3,29.045132708038686,0.29045132708038685,WIN,Range,27.727640019115476,1987.62,1999.5457199999998,2011.4714399999998,,2026-02-12T12:00:00+00:00,1,8.322626671757613,MACD_Trend,trend_follow,81.75906500718418,76.43976366719404,27.953726765887875,64.02167313279824,22.216198905584033,1.0,1.4009318916896996,1.2038992981419907,61.78321072317925,0.0,0.0,0.4037492075950177,12,Trend
ETH,SHORT,1930.12,1953.28144,2.8069788994529863,-70.46397980967498,-0.7046397980967498,LOSS,Range,21.924084092356047,1953.28144,1918.53928,1906.9585599999998,,2026-02-13T08:45:00+00:00,1,5.45030644872557,MACD_Trend,trend_follow,71.11928259169963,43.1986169399714,78.74527154730163,65.03087958286176,20.6499277748135,1.0,1.8632609347060989,1.200833561720067,39.416945431325374,-1.0,-1.2171091262028637,0.04792448137939178,8,Trend
ETH,LONG,1957.82,1981.31384,2.6435360079043084,53.79485654143197,0.5379485654143197,WIN,Breakout,48.47576545359821,1957.82,1969.56692,1981.31384,,2026-02-13T14:30:00+00:00,1,8.311955462513465,MACD_Trend,trend_follow,81.31692621275732,73.69545948375045,21.924084092356047,61.21263355793487,22.546879413143643,1.0,1.3565254077080604,0.9157589701135768,59.77055890042504,1.0,-0.13578027261613373,1.0824113895387073,14,Trend
ETH,SHORT,1956.01,1932.53788,1.7306377407039557,35.225811969009015,0.3522581196900902,WIN,Trend,28.18164596045147,1956.01,1944.27394,1932.53788,,2026-02-19T13:15:00+00:00,1,5.395924757321229,ADX_Trend,trend_follow,70.87224510348241,46.52105286645606,70.9735813960671,63.597288320149914,25.28920505145853,1.0,1.020671794698991,1.540049045119463,36.78172811353842,1.0,0.0,0.7438612277033364,13,Trend
ETH,SHORT,1932.85,1956.0441999999998,2.8135835704980985,-70.72967793923046,-0.7072967793923046,LOSS,Range,30.795209399618766,1956.0441999999998,1921.2529,1909.6558,,2026-02-20T15:15:00+00:00,1,5.470857888380904,MACD_Trend,trend_follow,72.79556164423536,53.30127649617288,69.20479060038123,65.87004478666037,23.51826884372908,1.0,1.577720753646979,1.7313826340591933,35.43396937305553,-1.0,-0.6061860292659447,0.0,15,Trend
ETH,SHORT,1966.12,1950.22,2.2161173794480145,29.85099446605095,0.2985099446605095,WIN,Trend,35.94556962748005,1966.12,1954.3232799999998,1942.5265599999998,,2026-02-22T14:00:00+00:00,1,5.385271867169964,MACD_Trend,trend_follow,70.0205648700626,55.9011495853258,64.05443037251996,63.99489993537877,23.753663934950346,1.0,1.0462609545168187,1.4806399305915066,37.57691275977711,0.674,0.0,0.8197193796241633,14,Trend
ETH,LONG,2032.33,2007.94204,2.6678604299698656,-70.45312090896721,-0.704531209089672,LOSS,Trend,84.04871842904637,2007.94204,2044.52398,2056.71796,,2026-02-26T16:45:00+00:00,1,5.389447457281937,ADX_Trend,trend_follow,51.891682261118426,50.491173210075665,84.27230756900727,61.18571713817225,25.705417842368394,1.0,1.437384988186198,1.4456161877488156,35.2781006852551,-1.0,-0.8803524362021271,0.006150575939934745,16,Trend
ETH,LONG,1925.74,1925.74,37292745908221.1,28.986826396048084,0.2898682639604808,WIN,Range,35.795819462191716,1925.74,1937.2944400000001,1948.84888,,2026-02-28T19:00:00+00:00,1,8.305919512173016,MACD_Trend,trend_follow,80.40274996717636,73.09002935425895,35.795819462191716,64.82685463180574,23.60388223045789,1.0,1.7349841762880471,1.9509378788687715,64.95747689239693,0.0,-0.05538996264639276,0.39508621793872667,19,Trend
ETH,SHORT,1947.59,1924.21892,1.7351348980945542,35.16531824532946,0.35165318245329463,WIN,Trend,37.27594233645191,1947.59,1935.90446,1924.21892,,2026-03-02T07:15:00+00:00,1,5.386658268828297,ADX_Trend,trend_follow,73.38566429931772,44.389277978937244,62.72405766354809,61.48826641247269,25.67696992059039,1.0,1.0270845050007575,1.1454405315275844,41.663166387019466,1.0,0.0,0.8108311639855675,7,Trend
ETH,LONG,2091.42,2066.32296,2.595794176125843,-70.54307926536794,-0.7054307926536794,LOSS,Range,76.92937858840365,2066.32296,2103.96852,2116.51704,,2026-03-06T01:15:00+00:00,1,5.396328995372924,MACD_Trend,trend_follow,71.53973970348181,40.802311082782616,79.1724546053331,64.60832558782744,21.659308885193365,1.0,0.5506472203475831,0.607939947499649,53.36501900436713,-1.0,-1.0658627471606212,0.042634509886413256,1,Trend
ETH,LONG,2027.6,2027.6,24271236147464.99,18.86549492374489,0.1886549492374489,WIN,Breakout,60.45536717548681,2027.6,2039.7656,2051.9312,,2026-03-09T19:30:00+00:00,1,5.4057412237200975,ADX_Trend,trend_follow,71.03244503696249,76.60150618528519,60.45536717548681,69.5300400230166,25.363855434170404,1.0,0.8469369926616972,0.8606163344002041,61.44193073638958,0.0,-0.7410238705859132,0.8910370224238957,19,Trend
ETH,LONG,2072.24,2072.24,37431380439344.54,29.094583950186205,0.29094583950186204,WIN,Range,74.3556953200057,2072.24,2084.6734399999996,2097.10688,,2026-03-10T17:15:00+00:00,1,8.33679648915833,ADX_Trend,trend_follow,75.04446957455355,68.42088928695699,74.3556953200057,72.85076321191022,25.046331610035924,1.0,0.6302313645959051,0.9880155405450628,58.60460564664953,0.0,-0.03579057766796127,0.48136316256805256,17,Trend
ETH,LONG,2083.89,2085.8347519928316,20.321203229363217,31.1506672196844,0.311506672196844,WIN,Range,68.60221144309682,2085.8347519928316,2096.39334,2108.89668,,2026-03-15T00:45:00+00:00,1,8.369033257377971,MACD_Trend,trend_follow,76.19746841551213,71.65373217588878,67.77378586758789,72.30724277924784,23.349058782538844,1.0,0.8092916025032869,1.131380324806135,62.00401031411618,0.078,-0.016395619090573178,0.46547562491303635,0,Trend
ETH,LONG,2334.25,2306.239,3.590965167758669,-108.91845255292023,-1.0891845255292023,LOSS,Range,91.35388755378135,2306.239,2348.2555,2362.261,,2026-03-17T09:30:00+00:00,1,8.331927238835863,MACD_Trend,trend_follow,76.79339902782206,55.00837815721206,91.45852563087689,74.65743074755551,22.463557436046166,1.0,1.2159288455456998,0.7592669399960739,54.37146833669216,-1.0,-0.880011424083399,0.0,9,Trend
ETH,SHORT,2165.27,2139.28676,1.5569514483089673,35.08091400590075,0.3508091400590075,WIN,Trend,28.104006711615668,2165.27,2152.27838,2139.28676,,2026-03-19T12:45:00+00:00,1,5.373729143857217,MACD_Trend,trend_follow,66.33601313521206,45.98139171515974,69.65437150463514,61.22513422002329,20.820952972540773,1.0,0.7806460171749551,1.3748677959591176,36.085838192582,1.0,-0.8832616717545548,1.3058417656920323,12,Trend
ETH,SHORT,2097.83,2072.65604,1.6135320044027983,35.22343021905024,0.35223430219050245,WIN,Trend,19.45308882127388,2096.7480731646233,2085.24302,2072.65604,,2026-03-22T11:45:00+00:00,1,5.395559918504138,MACD_Trend,trend_follow,67.64627140966051,61.756338913735846,79.32558011109722,69.38308427131412,23.346284353395408,1.0,2.267653684861721,1.498051617612026,36.94620897872231,1.0,0.0,0.9450241439964139,11,Trend
ETH,LONG,2171.09,2179.61,3.4982808946744806,24.35258622188894,0.24352586221888942,WIN,Range,64.08868299948112,2171.09,2184.11654,2197.1430800000003,,2026-03-25T09:30:00+00:00,1,5.452767000741069,MACD_Trend,trend_follow,70.89627666682291,71.07605182671827,61.74354347310518,68.2043892566762,23.087921203240317,1.0,0.9674589934388187,1.1296615503848169,61.11875801607863,0.327,-0.3312468237920472,0.43219458121649196,9,Trend
ETH,LONG,2181.37,2189.99,3.4722892338674156,24.462158751461565,0.24462158751461563,WIN,Trend,64.08868299948112,2181.37,2194.45822,2207.54644,,2026-03-25T11:30:00+00:00,1,5.46897444447865,MACD_Trend,trend_follow,66.86727497386818,69.29674172025113,64.08868299948112,66.76253740546694,23.35068417390502,1.0,0.7339886051786719,0.789082038334471,59.50308831114766,0.329,0.0,0.3961577662967115,11,Trend
ETH,LONG,2171.01,2197.06212,1.5747925413003765,35.53595045345976,0.35535950453459764,WIN,Breakout,70.54955317457754,2179.6673191880404,2184.0360600000004,2197.06212,,2026-03-25T13:45:00+00:00,1,5.490733807603907,ADX_Trend,trend_follow,43.118906030518204,75.68602740010095,70.54955317457754,61.11823658461083,24.570610763256855,1.0,1.3305302593468005,0.840966358234214,44.78945004369949,1.0,0.0,0.6625180599505822,13,Trend
ETH,SHORT,2043.3,2018.7803999999999,1.344013937123795,28.577200294937406,0.28577200294937405,WIN,Trend,20.94620625943436,2043.3,2031.0402,2018.7803999999999,,2026-03-27T10:30:00+00:00,1,4.3774838377619645,MACD_Trend,trend_follow,65.64010721242389,42.14189095210837,79.05379374056564,62.614748292771765,23.35375678838034,1.0,0.5692228535905306,1.2641134820931195,39.011544771471385,1.0,0.0,1.3654382616355902,10,Trend
ETH,LONG,2050.55,2075.1566000000003,2.067099374597384,44.05695541753412,0.4405695541753412,WIN,Trend,62.07134267186285,2050.55,2062.8533,2075.1566000000003,,2026-03-31T14:00:00+00:00,1,6.8073320534360775,ADX_Trend,trend_follow,82.83287298807501,56.28331515823638,62.07134267186285,68.63954654425977,25.390657159481865,1.0,1.3345617190013923,1.15632558256685,57.70151602269512,1.0,-0.153210927149635,0.9676265717327848,14,Trend
ETH,LONG,2092.52,2092.52,19936257474246.71,15.73397695530003,0.1573397695530003,WIN,Range,66.01083823769974,2092.52,2105.7877764342174,2119.055552868435,,2026-03-31T19:45:00+00:00,1,4.20228051894668,MACD_Trend,trend_follow,74.31104590136346,79.62536259608119,66.01083823769974,73.41527861067966,23.585784829568865,1.0,0.6668471548105992,0.8938559392933614,58.33556604013874,0.0,0.0,0.5437987318954594,19,Trend
ETH,LONG,2201.96,2201.96,30730974117418.0,23.88650634403055,0.23886506344030553,WIN,Range,76.04317256876031,2201.96,2215.17176,2228.38352,,2026-04-09T18:30:00+00:00,1,6.844467773387448,ADX_Trend,trend_follow,83.95343177412414,76.61893850234968,76.04317256876031,79.38000603098266,25.859889000956297,1.0,1.4590232672656152,0.9075317292728509,59.11030978052784,0.0,0.0,0.7958818507148081,18,Trend
ETH,LONG,2248.07,2248.07,20035058575850.65,15.572807810990703,0.15572807810990702,WIN,Trend,81.25292176260254,2248.07,2261.5584200000003,2275.04684,,2026-04-11T16:45:00+00:00,1,4.462250764859946,MACD_Trend,trend_follow,71.20383996718374,68.39571061966303,81.25292176260254,73.37612570155316,20.326166056669106,1.0,0.6103647344657586,1.1730829935666334,61.48131495480984,0.0,-0.06487045925319644,0.5323084542147883,16,Trend
ETH,LONG,2226.44,2253.15728,1.2522561515788417,28.97923604223243,0.28979236042232426,WIN,Trend,64.0875007494461,2226.44,2239.79864,2253.15728,,2026-04-13T19:45:00+00:00,1,4.477642191222985,MACD_Trend,trend_follow,64.83450343129662,72.21230288988097,64.0875007494461,66.82374246431678,24.70599169087127,1.0,0.5445574594638534,0.7839057486172335,58.792075355833774,1.0,-0.20361354149823838,0.8904349544564403,19,Trend
ETH,LONG,2351.57,2323.35116,1.903160475070727,-58.153548898732765,-0.5815354889873277,LOSS,Range,83.5662798508894,2323.35116,2365.6794200000004,2379.78884,,2026-04-14T17:45:00+00:00,1,4.448567958389834,ADX_Trend,trend_follow,52.902289580250404,49.822161403249744,83.5662798508894,61.1774482083419,25.059233964917862,1.0,0.5263387696392758,1.0048659067599197,41.930953071066604,-1.0,-0.7002413990086133,0.0,17,Trend
ETH,LONG,2352.9,2381.1348000000003,1.7000179160382576,41.5757153753632,0.4157571537536321,WIN,Trend,81.61381170332798,2352.9,2367.0174,2381.1348000000003,,2026-04-15T19:45:00+00:00,1,6.423950480395786,MACD_Trend,trend_follow,72.8745890677884,77.35120854583396,81.61381170332798,76.83934170186394,22.22522606715594,1.0,0.7610716931677858,1.174209636332725,60.43396092797683,1.0,-0.18098233385751367,0.7639508691401996,19,Trend
ETH,LONG,2343.47,2315.34836,2.743732686695671,-83.5495466951663,-0.8354954669516629,LOSS,Reversal,76.68400768055761,2315.34836,2357.53082,2371.5916399999996,,2026-04-16T13:45:00+00:00,1,6.39128382368102,MACD_Trend,trend_follow,73.60436524486596,47.400614161168406,76.68400768055761,66.6671326504642,21.879297743153074,1.0,0.7232873276230117,0.651999156452491,53.58482057635885,-1.0,-1.2918876708470746,0.15468514638550113,13,Trend
ETH,LONG,2296.82,2314.17,3.6151589278417973,52.87351051838821,0.528735105183882,WIN,Trend,30.423420787660064,2296.82,2310.6009200000003,2324.38184,,2026-04-20T10:15:00+00:00,1,9.849496879670257,ADX_Trend,trend_follow,86.05614008860044,71.72752290315192,30.380130141835046,65.05475194893627,25.03467297793365,1.0,1.8134969968807493,1.0780646384670867,58.68867357427597,0.629,-0.1498448579630427,0.6352986593057561,10,Trend
ETH,SHORT,2305.01,2305.01,28893884751307.72,22.48746552622641,0.2248746552622641,WIN,Range,39.60169693178734,2305.01,2291.1799400000004,2277.34988,,2026-04-21T15:15:00+00:00,1,6.406419225081308,ADX_Trend,trend_follow,68.36403965514346,56.809756657818085,60.39830306821266,62.50803377986661,25.250002075526673,1.0,0.8897169522460854,0.8549508254055548,42.344054858444686,0.0,-0.5708579716935416,0.2559641823679862,15,Trend
ETH,SHORT,2307.54,2335.23048,2.7903575931271347,-83.7438283297118,-0.837438283297118,LOSS,Trend,53.469069146383454,2335.23048,2293.69476,2279.8495199999998,,2026-04-26T05:30:00+00:00,1,6.477487204373377,MACD_Trend,trend_follow,72.04675325994765,51.57410590852609,68.24471936376804,64.7643488856673,23.508597679027055,1.0,1.6076682912015836,1.5301903619614117,35.98666291912538,-1.0,-0.8111090887554147,0.055614781686701115,5,Trend
ETH,SHORT,2274.0,2274.0,28758290709534.27,22.38193571027447,0.2238193571027447,WIN,Range,29.15327823746223,2274.0,2260.356,2246.712,,2026-04-28T13:30:00+00:00,1,6.3763549992598,MACD_Trend,trend_follow,64.97718236480597,44.7097628543861,70.79369490420282,60.641910273499064,21.824999162163273,1.0,1.3325331345277371,1.3193054531315114,38.21569768419193,0.0,-0.11543535620053104,0.274113163295222,13,Trend
ETH,LONG,2295.91,2323.46092,2.6839723378383136,64.04948731474246,0.6404948731474246,WIN,Trend,54.21024035314257,2300.0173419189064,2309.6854599999997,2323.46092,,2026-04-29T04:30:00+00:00,1,9.896419847256919,MACD_Trend,trend_follow,80.6145236613682,69.84249293662116,30.006331996681247,62.200456944538004,21.973534998644432,1.0,1.352467582451182,1.5897996740396976,64.64838181465281,1.0,-0.5411797500773061,1.3462345359066104,4,Trend
ETH,LONG,2309.75,2318.87,3.8835255519974483,28.94534027410208,0.2894534027410208,WIN,Range,60.725366454554155,2309.75,2323.6085,2337.467,,2026-05-03T11:45:00+00:00,1,6.472412760118112,MACD_Trend,trend_follow,72.31250105935308,50.67851768974694,60.725366454554155,62.346165667031556,20.772376093574813,1.0,0.7318567632620282,1.20328385497687,59.44925008495588,0.329,-0.09452682469242309,0.3968683479453043,11,Trend
ETH,LONG,2365.09,2336.70892,4.213057908700455,-129.47562107108223,-1.2947562107108224,LOSS,Breakout,76.60656435091951,2336.70892,2379.28054,2393.4710800000003,,2026-05-04T16:00:00+00:00,1,9.904487519625636,MACD_Trend,trend_follow,84.33586656500493,61.204591710371524,75.72363536487975,74.81281474857735,24.33738918239925,1.0,2.0897139924662516,1.485936967949381,62.41720377435391,-1.0,-0.6247119559932186,0.0,16,Trend
ETH,SHORT,2219.35,2192.7178,1.8029735288755764,41.638868507715266,0.41638868507715265,WIN,Trend,20.129570325086117,2219.35,2206.0339,2192.7178,,2026-05-16T07:00:00+00:00,1,6.378283108003079,ADX_Trend,trend_follow,49.40964063808785,61.837626646455135,77.0092825121828,61.417929002826526,24.83806951936284,1.0,1.6551151847417862,0.8915104475421433,37.71317005747915,1.0,-0.3833705063794968,1.0765163974436986,7,Trend
ETH,SHORT,2117.39,2114.3974084698884,10.431630550590178,24.80101734766895,0.24801017347668952,WIN,Range,17.376167576846335,2114.3974084698884,2104.68566,2091.98132,,2026-05-19T16:30:00+00:00,1,6.416591883268523,MACD_Trend,trend_follow,67.00995493278529,48.569532476936935,82.83742604135301,66.2260695286011,20.274541933913838,1.0,0.6183854257647636,0.809119143256649,41.4046781848114,0.118,-0.030698170861304094,0.4742473831777065,16,Trend
ETH,SHORT,2122.86,2097.3856800000003,1.8994550792347435,41.959871803366816,0.4195987180336681,WIN,Trend,27.14005911157388,2122.86,2110.12284,2097.3856800000003,,2026-05-22T19:00:00+00:00,1,6.4274547106821345,MACD_Trend,trend_follow,62.074766887286735,57.06386547690209,68.45527543756879,62.48564902925595,24.85583755016261,1.0,0.7416432629906281,0.7161263588070995,40.80688506657816,1.0,-0.46164137060379873,0.9381997242713481,19,Trend
ETH,SHORT,1991.06,1985.370609213171,5.940601817512272,27.33351626420359,0.2733351626420359,WIN,Trend,26.238220469635753,1985.370609213171,1979.11364,1967.16728,,2026-06-01T12:00:00+00:00,1,6.464888984563692,MACD_Trend,trend_follow,69.4380302452781,54.29911982740406,71.11533295390461,65.39954793250385,20.1082380240773,1.0,1.407943186308114,1.397946394189152,37.112449602937964,0.238,0.0,0.6684044344888329,12,Trend
ETH,SHORT,1981.3,1981.2422389752562,507.43849131415084,22.821981007541233,0.22821981007541234,WIN,Range,30.8633719909498,1981.2422389752562,1969.4122,1957.5244,,2026-06-02T10:45:00+00:00,1,6.488186244674377,MACD_Trend,trend_follow,69.21651482367963,50.78638026207343,69.5162014716692,63.777380449594645,23.758134681291953,1.0,1.3011745942435091,1.4182479811565065,39.372682901427225,0.002,-0.1728662999041087,0.5421524588233261,10,Trend
ETH,SHORT,1852.88,1830.64544,1.75971897504647,33.92925955854248,0.33929259558542485,WIN,Trend,13.646799430396669,1852.88,1841.7627200000002,1830.64544,,2026-06-03T16:15:00+00:00,1,5.197317575265174,MACD_Trend,trend_follow,73.2349370898896,43.029763629176585,84.78735033968795,67.6391090266152,22.86392145394387,1.0,2.0401915904250227,1.3132744492045285,36.32372433433887,1.0,0.0,0.7780680166371712,16,Trend
ETH,SHORT,1611.91,1631.2529200000001,3.248552976766139,-68.10428734065471,-0.6810428734065471,LOSS,Range,27.82433665659858,1631.2529200000001,1602.23854,1592.56708,,2026-06-07T21:15:00+00:00,1,5.2677869953020195,MACD_Trend,trend_follow,73.76230179390518,46.57694974154931,91.74492428213999,71.00148292466886,23.20921363950049,1.0,2.0371856228819536,1.368800331274829,38.099432005257306,-1.0,-0.9341919420645866,0.0,21,Trend
ETH,SHORT,1650.32,1650.32,29278470971853.48,22.786780396858212,0.2278678039685821,WIN,Trend,31.82816178847719,1650.32,1640.41808,1630.51616,,2026-06-09T15:30:00+00:00,1,6.491690574995266,MACD_Trend,trend_follow,74.68551409716551,56.5563579981513,68.17183821152281,67.29266450176843,24.354679625754034,1.0,1.8186363369368728,1.1877515795456866,38.88474620599013,0.0,0.0,0.5726162198846243,15,Trend
ETH,SHORT,1636.31,1625.3,3.663557116755607,33.83136277364991,0.3383136277364991,WIN,Range,24.309533969906862,1636.31,1626.4921399999998,1616.67428,,2026-06-10T05:15:00+00:00,1,6.504401081825628,MACD_Trend,trend_follow,71.6686837716831,57.86971181964745,71.52704297159116,67.48649994604482,20.546193477568576,1.0,1.584163139436163,1.3132226020341908,35.926228285329614,0.561,-0.4323752834120679,0.7445614421065228,5,Trend
ETH,SHORT,1609.96,1629.27952,4.0682319745490245,-85.18527003155833,-0.8518527003155832,LOSS,Range,39.895972080942435,1629.27952,1600.30024,1590.64048,,2026-06-11T00:15:00+00:00,1,6.588981034614857,MACD_Trend,trend_follow,67.43406449863275,52.30500011353279,74.79141508981749,65.10255036045818,20.790226313535324,1.0,1.1014062851859936,1.5153807593645265,36.255922087531076,-1.0,-1.0502331320860954,0.01190505768259347,0,Trend
ETH,LONG,1703.96,1710.16,8.72621744951579,44.07437645948997,0.44074376459489967,WIN,Range,27.538623027478202,1703.96,1714.1837600000001,1724.40752,,2026-06-20T00:30:00+00:00,1,10.028171727517053,MACD_Trend,trend_follow,76.26497145384366,71.46815233256886,28.739850098288976,60.56838931079482,24.25298917902918,1.0,0.9397995745408091,1.1679657343034726,60.74191314390092,0.303,-0.39809228698639737,0.3545662261242439,0,Trend
ETH,LONG,1738.23,1717.37124,6.650972690540631,-150.2226117299581,-1.502226117299581,LOSS,Range,50.884250777886514,1717.37124,1748.65938,1759.08876,,2026-06-21T11:30:00+00:00,1,11.491568611422931,MACD_Trend,trend_follow,82.9184013245644,70.02333031236549,64.31588392306733,73.4691248004556,20.30550429685789,1.0,1.7684421526531882,1.5603929935451912,63.387467850839975,-1.0,-0.5556418502346218,0.20614840000076487,11,Trend
ETH,LONG,1745.62,1766.5674399999998,4.084518355025885,74.10940453580108,0.7410940453580108,WIN,Trend,65.30755891219911,1747.2087316817262,1756.0937199999998,1766.5674399999998,,2026-06-22T11:45:00+00:00,1,11.450798635006088,MACD_Trend,trend_follow,75.83829688115605,72.43944152989162,65.30755891219911,71.65941888508965,22.12935958764771,1.0,0.8447616073856298,0.9401881018344357,59.270303912317964,1.0,-0.012889403191988225,1.0177854668637392,11,Trend
ETH,SHORT,1648.58,1648.58,33644290572805.08,26.184600337483516,0.26184600337483516,WIN,Trend,22.369458890082033,1648.58,1638.68852,1628.79704,,2026-06-24T14:30:00+00:00,1,7.45969023532156,MACD_Trend,trend_follow,69.78325808746601,50.02005320273107,77.63054110991797,66.20848152878112,23.397973036080284,1.0,1.410968833220369,1.1735444384920097,35.22891411832467,0.0,0.0,0.0,14,Trend
